owner,repo,full_name,html_url,description,language,stargazers_count,forks_count,open_issues_count,archived,created_at,updated_at,pushed_at
pathwaycom,pathway,pathwaycom/pathway,https://github.com/pathwaycom/pathway,"Python ETL framework for stream processing, real-time analytics, LLM pipelines, and RAG.",Python,43980,1340,50,False,2022-11-27T13:01:14Z,2025-10-02T23:22:56Z,2025-10-02T10:56:51Z
apache,airflow,apache/airflow,https://github.com/apache/airflow,"Apache Airflow - A platform to programmatically author, schedule, and monitor workflows",Python,42648,15709,1671,False,2015-04-13T18:04:58Z,2025-10-02T23:17:24Z,2025-10-02T22:20:00Z
airbytehq,airbyte,airbytehq/airbyte,https://github.com/airbytehq/airbyte,"The leading data integration platform for ETL / ELT data pipelines from APIs, databases & files to data warehouses, data lakes & data lakehouses. Both self-hosted and Cloud-hosted.",Python,19695,4823,1772,False,2020-07-27T23:55:54Z,2025-10-02T18:54:34Z,2025-10-02T22:09:56Z
andkret,Cookbook,andkret/Cookbook,https://github.com/andkret/Cookbook,The Data Engineering Cookbook,Python,14537,2637,125,False,2019-03-10T22:20:03Z,2025-10-02T19:05:32Z,2025-07-21T15:05:23Z
dagster-io,dagster,dagster-io/dagster,https://github.com/dagster-io/dagster,"An orchestration platform for the development, production, and observation of data assets.",Python,14127,1829,2940,False,2018-04-30T16:30:04Z,2025-10-02T22:19:06Z,2025-10-02T22:34:29Z
ydataai,ydata-profiling,ydataai/ydata-profiling,https://github.com/ydataai/ydata-profiling,1 Line of code data quality profiling & exploratory data analysis for Pandas and Spark DataFrames. ,Python,13166,1747,288,False,2016-01-09T23:47:55Z,2025-10-02T18:17:17Z,2025-09-29T11:38:03Z
dbt-labs,dbt-core,dbt-labs/dbt-core,https://github.com/dbt-labs/dbt-core,dbt enables data analysts and engineers to transform their data using the same practices that software engineers use to build applications.,Python,11454,1920,801,False,2016-03-10T02:38:00Z,2025-10-02T22:19:27Z,2025-10-02T22:23:50Z
cleanlab,cleanlab,cleanlab/cleanlab,https://github.com/cleanlab/cleanlab,"Cleanlab's open-source library is the standard data-centric AI package for data quality and machine learning with messy, real-world data and labels.",Python,10937,856,106,False,2018-05-11T01:55:21Z,2025-10-02T05:40:50Z,2025-09-05T20:21:46Z
great-expectations,great_expectations,great-expectations/great_expectations,https://github.com/great-expectations/great_expectations,Always know what to expect from your data.,Python,10806,1626,97,False,2017-09-11T00:18:46Z,2025-10-02T22:08:03Z,2025-10-02T23:18:34Z
kedro-org,kedro,kedro-org/kedro,https://github.com/kedro-org/kedro,"Kedro is a toolbox for production-ready data science. It uses software engineering best practices to help you create data engineering and data science pipelines that are reproducible, maintainable, and modular.",Python,10563,967,174,False,2019-04-18T10:29:56Z,2025-10-02T19:06:21Z,2025-10-01T19:03:48Z
mage-ai,mage-ai,mage-ai/mage-ai,https://github.com/mage-ai/mage-ai,"üßô Build, run, and manage data pipelines for integrating and transforming data.",Python,8485,874,536,False,2022-05-16T22:11:39Z,2025-10-02T19:33:33Z,2025-10-01T06:12:17Z
tobymao,sqlglot,tobymao/sqlglot,https://github.com/tobymao/sqlglot,Python SQL Parser and Transpiler,Python,8387,988,1,False,2021-03-13T05:01:56Z,2025-10-02T23:20:16Z,2025-10-02T23:20:12Z
ibis-project,ibis,ibis-project/ibis,https://github.com/ibis-project/ibis,the portable Python dataframe library,Python,6135,672,396,False,2015-04-17T20:43:46Z,2025-10-02T14:26:42Z,2025-10-02T14:28:06Z
Zipstack,unstract,Zipstack/unstract,https://github.com/Zipstack/unstract,No-code LLM Platform to launch APIs and ETL Pipelines to structure unstructured documents,Python,5827,551,59,False,2024-02-21T10:34:33Z,2025-10-02T19:20:04Z,2025-10-02T06:01:40Z
dpkp,kafka-python,dpkp/kafka-python,https://github.com/dpkp/kafka-python,Python client for Apache Kafka,Python,5820,1446,49,False,2012-09-24T13:00:26Z,2025-09-28T21:57:00Z,2025-09-04T18:07:14Z
ag2ai,faststream,ag2ai/faststream,https://github.com/ag2ai/faststream,"FastStream is a powerful and easy-to-use Python framework for building asynchronous services interacting with event streams such as Apache Kafka, RabbitMQ, NATS and Redis.",Python,4599,283,94,False,2022-12-01T09:46:18Z,2025-10-02T20:56:11Z,2025-10-02T19:43:48Z
StructuredLabs,preswald,StructuredLabs/preswald,https://github.com/StructuredLabs/preswald,"Preswald is a WASM packager for Python-based interactive data apps: bundle full complex data workflows, particularly visualizations, into single files, runnable completely in-browser, using Pyodide, DuckDB, Pandas, and Plotly, Matplotlib, etc. Build dashboards, reports, and notebooks that run offline, load fast, and share like a document.",Python,4306,664,338,False,2024-12-14T08:56:02Z,2025-10-01T10:50:25Z,2025-07-17T00:32:33Z
dlt-hub,dlt,dlt-hub/dlt,https://github.com/dlt-hub/dlt,data load tool (dlt) is an open source Python library that makes data loading easy üõ†Ô∏è ,Python,4217,336,282,False,2022-01-26T09:51:04Z,2025-10-02T21:36:02Z,2025-10-02T17:42:17Z
pyqtgraph,pyqtgraph,pyqtgraph/pyqtgraph,https://github.com/pyqtgraph/pyqtgraph,Fast data visualization and GUI tools for scientific / engineering applications,Python,4175,1136,479,False,2013-09-12T07:18:21Z,2025-10-02T07:03:57Z,2025-10-02T13:06:52Z
aws,aws-sdk-pandas,aws/aws-sdk-pandas,https://github.com/aws/aws-sdk-pandas,"pandas on AWS - Easy integration with Athena, Glue, Redshift, Timestream, Neptune, OpenSearch, QuickSight, Chime, CloudWatchLogs, DynamoDB, EMR, SecretManager, PostgreSQL, MySQL, SQLServer and S3 (Parquet, CSV, JSON and EXCEL).",Python,4066,716,41,False,2019-02-26T01:39:02Z,2025-09-29T08:58:22Z,2025-09-15T08:56:14Z
bruin-data,ingestr,bruin-data/ingestr,https://github.com/bruin-data/ingestr,ingestr is a CLI tool to copy data between any databases with a single command seamlessly.,Python,3235,107,15,False,2024-02-12T23:00:36Z,2025-10-02T21:51:06Z,2025-10-02T19:09:45Z
mljar,mljar-supervised,mljar/mljar-supervised,https://github.com/mljar/mljar-supervised,"Python package for AutoML on Tabular Data with Feature Engineering, Hyper-Parameters Tuning, Explanations and Automatic Documentation",Python,3208,425,144,False,2018-11-05T12:58:04Z,2025-10-01T08:59:20Z,2025-07-07T17:06:28Z
blockchain-etl,ethereum-etl,blockchain-etl/ethereum-etl,https://github.com/blockchain-etl/ethereum-etl,"Python scripts for ETL (extract, transform and load) jobs for Ethereum blocks, transactions, ERC20 / ERC721 tokens, transfers, receipts, logs, contracts, internal transactions. Data is available in Google BigQuery https://goo.gl/oY5BCQ",Python,3091,896,153,False,2018-05-02T08:55:38Z,2025-10-02T06:47:37Z,2025-08-27T02:07:52Z
ucbepic,docetl,ucbepic/docetl,https://github.com/ucbepic/docetl,A system for agentic LLM-powered data processing and ETL,Python,2941,307,34,False,2024-07-09T05:57:16Z,2025-10-02T15:11:30Z,2025-09-24T00:22:16Z
iterative,datachain,iterative/datachain,https://github.com/iterative/datachain,"ETL, Analytics, Versioning for Unstructured Data",Python,2677,128,83,False,2024-06-25T22:29:35Z,2025-10-02T21:13:29Z,2025-10-02T21:21:40Z
TobikoData,sqlmesh,TobikoData/sqlmesh,https://github.com/TobikoData/sqlmesh,Scalable and efficient data transformation framework - backwards compatible with dbt.,Python,2630,277,189,False,2022-09-23T16:28:39Z,2025-10-02T22:20:36Z,2025-10-02T23:22:22Z
seperman,deepdiff,seperman/deepdiff,https://github.com/seperman/deepdiff,DeepDiff: Deep Difference and search of any Python object/data. DeepHash: Hash of any object based on its contents. Delta: Use deltas to reconstruct objects by adding deltas together.,Python,2395,251,96,False,2014-09-26T03:21:47Z,2025-10-02T10:42:52Z,2025-09-04T05:44:57Z
instill-ai,instill-core,instill-ai/instill-core,https://github.com/instill-ai/instill-core,"üîÆ Instill Core is a full-stack AI infrastructure tool for data, model and pipeline orchestration, designed to streamline every aspect of building versatile AI-first applications",Python,2289,121,39,False,2022-01-13T13:27:40Z,2025-09-28T06:45:43Z,2025-10-01T20:55:48Z
meltano,meltano,meltano/meltano,https://github.com/meltano/meltano,"Meltano: the declarative code-first data integration engine that powers your wildest data and ML-powered product ideas. Say goodbye to writing, maintaining, and scaling your own API integrations.",Python,2214,185,292,False,2021-06-21T16:35:39Z,2025-10-02T21:37:15Z,2025-10-02T21:37:12Z
sodadata,soda-core,sodadata/soda-core,https://github.com/sodadata/soda-core,":zap: Data quality testing for the modern data stack (SQL, Spark, and Pandas) https://www.soda.io",Python,2182,242,162,False,2020-12-14T19:59:19Z,2025-10-02T15:57:53Z,2025-10-01T20:46:29Z
elyra-ai,elyra,elyra-ai/elyra,https://github.com/elyra-ai/elyra,Elyra extends JupyterLab with an AI centric approach.,Python,1961,357,263,False,2019-10-22T21:37:58Z,2025-10-02T20:40:00Z,2025-10-02T20:39:54Z
faust-streaming,faust,faust-streaming/faust,https://github.com/faust-streaming/faust,Python Stream Processing. A Faust fork,Python,1825,199,140,False,2020-10-22T15:32:50Z,2025-09-25T17:40:39Z,2025-09-04T17:04:15Z
moj-analytical-services,splink,moj-analytical-services/splink,https://github.com/moj-analytical-services/splink,"Fast, accurate and scalable probabilistic data linkage with support for multiple SQL backends",Python,1729,190,211,False,2019-11-22T14:27:33Z,2025-10-02T13:41:00Z,2025-10-02T13:42:39Z
Delta-ML,delta,Delta-ML/delta,https://github.com/Delta-ML/delta,DELTA is a deep learning based natural language and speech processing platform. LF AI & DATA Projects: https://lfaidata.foundation/projects/delta/,Python,1599,288,3,False,2019-05-29T08:33:57Z,2025-09-30T11:54:40Z,2025-04-16T19:27:35Z
quixio,quix-streams,quixio/quix-streams,https://github.com/quixio/quix-streams,Python Streaming DataFrames for Kafka,Python,1450,90,22,False,2022-11-17T20:36:03Z,2025-09-30T21:26:12Z,2025-09-30T21:26:08Z
astronomer,dag-factory,astronomer/dag-factory,https://github.com/astronomer/dag-factory,Construct Apache Airflow DAGs Declaratively via YAML configuration files,Python,1346,210,80,False,2018-11-21T00:20:36Z,2025-10-01T16:50:44Z,2025-10-01T13:26:57Z
toluaina,pgsync,toluaina/pgsync,https://github.com/toluaina/pgsync,Postgres to Elasticsearch/OpenSearch sync,Python,1335,200,201,False,2019-08-17T11:23:28Z,2025-09-28T22:22:42Z,2025-09-28T22:22:39Z
aio-libs,aiokafka,aio-libs/aiokafka,https://github.com/aio-libs/aiokafka,asyncio client for kafka,Python,1320,248,172,False,2014-11-01T09:42:10Z,2025-10-02T23:03:46Z,2025-07-27T14:06:09Z
narwhals-dev,narwhals,narwhals-dev/narwhals,https://github.com/narwhals-dev/narwhals,Lightweight and extensible compatibility layer between dataframe libraries!,Python,1309,166,202,False,2024-02-19T17:51:14Z,2025-10-02T15:28:22Z,2025-10-02T22:20:57Z
Data-Learn,data-engineering,Data-Learn/data-engineering,https://github.com/Data-Learn/data-engineering,Getting Started with Data Enngineering,Python,1294,590,10,False,2020-05-14T02:11:25Z,2025-09-24T12:09:25Z,2025-04-20T18:40:30Z
duckdb,dbt-duckdb,duckdb/dbt-duckdb,https://github.com/duckdb/dbt-duckdb,dbt (http://getdbt.com) adapter for DuckDB (http://duckdb.org),Python,1152,121,62,False,2020-09-25T16:54:41Z,2025-10-02T12:36:14Z,2025-09-29T21:21:10Z
NVIDIA-Merlin,NVTabular,NVIDIA-Merlin/NVTabular,https://github.com/NVIDIA-Merlin/NVTabular,NVTabular is a feature engineering and preprocessing library for tabular data designed to quickly and easily manipulate terabyte scale datasets used to train deep learning based recommender systems.,Python,1101,144,209,False,2020-04-03T16:01:17Z,2025-10-01T15:05:39Z,2025-09-15T19:11:16Z
superlinear-ai,raglite,superlinear-ai/raglite,https://github.com/superlinear-ai/raglite,ü•§ RAGLite is a Python toolkit for Retrieval-Augmented Generation (RAG) with DuckDB or PostgreSQL,Python,1082,99,20,False,2024-06-10T09:05:57Z,2025-10-01T13:43:42Z,2025-09-30T12:15:53Z
confluentinc,cp-all-in-one,confluentinc/cp-all-in-one,https://github.com/confluentinc/cp-all-in-one,"docker-compose.yml files for cp-all-in-one , cp-all-in-one-community, cp-all-in-one-cloud, Apache Kafka Confluent Platform",Python,1079,702,41,False,2020-04-02T17:23:46Z,2025-10-01T02:50:10Z,2025-09-27T23:47:28Z
astronomer,astronomer-cosmos,astronomer/astronomer-cosmos,https://github.com/astronomer/astronomer-cosmos,Run your dbt Core or dbt Fusion projects as Apache Airflow DAGs and Task Groups with a few lines of code,Python,1049,239,267,False,2022-12-13T13:08:12Z,2025-10-02T13:59:07Z,2025-10-02T13:59:02Z
sauljabin,kaskade,sauljabin/kaskade,https://github.com/sauljabin/kaskade,"kaskade is a text user interface for kafka, which allows you to interact and consume topics from your terminal in style!",Python,956,19,12,False,2021-09-15T22:09:16Z,2025-09-29T19:20:32Z,2025-06-01T18:31:28Z
ydf0509,funboost,ydf0509/funboost,https://github.com/ydf0509/funboost,"pip install funboostÔºåpythonÂÖ®ÂäüËÉΩÂàÜÂ∏ÉÂºèÂáΩÊï∞Ë∞ÉÂ∫¶Ê°ÜÊû∂,funboostÁöÑÂäüËÉΩÊòØÂÖ®Èù¢ÊÄßÈáçÈáèÁ∫ßÔºåÁî®Êà∑ËÉΩÊÉ≥ÂæóÂà∞ÁöÑÂäüËÉΩ99%ÂÖ®ÈÉΩÊúâ;funboostÁöÑ‰ΩøÁî®ÊñπÂºèÊòØËΩªÈáèÁ∫ßÔºåÂè™Êúâ@boost‰∏ÄË°å‰ª£Á†ÅÈúÄË¶ÅÂÜô„ÄÇÊîØÊåÅpythonÊâÄÊúâÁ±ªÂûãÁöÑÂπ∂ÂèëÊ®°ÂºèÂíå‰∏ÄÂàáÁü•ÂêçÊ∂àÊÅØÈòüÂàó‰∏≠Èó¥‰ª∂ÔºåÊîØÊåÅÂ¶Ç celery dramatiqÁ≠âÊ°ÜÊû∂Êï¥‰Ωì‰Ωú‰∏∫funboost‰∏≠Èó¥‰ª∂ÔºåpythonÂáΩÊï∞Âä†ÈÄüÂô®ÔºåÊ°ÜÊû∂ÂåÖÁΩó‰∏áË±°ÔºåÁî®Êà∑ËÉΩÊÉ≥Âà∞ÁöÑÊéßÂà∂ÂäüËÉΩÂÖ®ÈÉΩÊúâ„ÄÇ‰∏ÄÁªüÁºñÁ®ãÊÄùÁª¥ÔºåÂÖºÂÆπ50% python‰∏öÂä°Âú∫ÊôØÔºåÈÄÇÁî®ËåÉÂõ¥Âπø„ÄÇÂè™ÈúÄË¶Å‰∏ÄË°å‰ª£Á†ÅÂç≥ÂèØÂàÜÂ∏ÉÂºèÊâßË°åpython‰∏ÄÂàáÂáΩÊï∞Ôºå99%Áî®ËøáfunboostÁöÑpythoner ÊÑüÂèóÊòØ„ÄÄÁÆÄÊòì Êñπ‰æø Ëá™Áî± Âº∫Â§ßÔºåÁõ∏ËßÅÊÅ®Êôö „ÄÇ",Python,824,157,5,False,2021-12-25T17:23:10Z,2025-09-29T14:47:25Z,2025-09-17T03:50:08Z
dbt-checkpoint,dbt-checkpoint,dbt-checkpoint/dbt-checkpoint,https://github.com/dbt-checkpoint/dbt-checkpoint,:fishing_pole_and_fish: List of `pre-commit` hooks to ensure the quality of your `dbt` projects.,Python,688,145,125,False,2020-12-28T21:42:26Z,2025-10-01T18:41:10Z,2025-05-08T15:09:34Z
elastic,eland,elastic/eland,https://github.com/elastic/eland,"Python Client and Toolkit for DataFrames, Big Data, Machine Learning and ETL in Elasticsearch",Python,686,111,86,False,2019-06-11T07:24:06Z,2025-09-17T14:37:07Z,2025-09-24T17:06:09Z
litestar-org,advanced-alchemy,litestar-org/advanced-alchemy,https://github.com/litestar-org/advanced-alchemy,"A carefully crafted, thoroughly tested, optimized companion library for SQLAlchemy",Python,657,55,44,False,2023-09-05T18:45:18Z,2025-10-02T09:50:00Z,2025-09-27T18:25:29Z
trustgraph-ai,trustgraph,trustgraph-ai/trustgraph,https://github.com/trustgraph-ai/trustgraph,"The agentic AI platform for enterprise. Built by data engineers for data engineers. Complete context engineering and LLM orchestration infrastructure. Run anywhere - local, cloud, or bare metal.",Python,640,50,14,False,2024-07-10T19:14:04Z,2025-10-02T19:14:15Z,2025-09-30T22:04:48Z
gangly,datafaker,gangly/datafaker,https://github.com/gangly/datafaker,Datafaker is a large-scale test data and flow test data generation tool. Datafaker fakes data and inserts to  varied data sources. ÊµãËØïÊï∞ÊçÆÁîüÊàêÂ∑•ÂÖ∑,Python,639,169,89,False,2019-03-26T03:21:11Z,2025-08-31T12:17:31Z,2025-07-26T09:58:15Z
turbolytics,sql-flow,turbolytics/sql-flow,https://github.com/turbolytics/sql-flow,DuckDB for streaming data,Python,631,16,31,False,2023-11-21T22:18:36Z,2025-09-30T11:04:22Z,2025-09-04T21:50:25Z
z3z1ma,dbt-osmosis,z3z1ma/dbt-osmosis,https://github.com/z3z1ma/dbt-osmosis,Provides automated YAML management and a streamlit workbench. Designed to optimize dev workflows.,Python,567,72,38,False,2021-09-25T01:19:15Z,2025-10-01T18:57:21Z,2025-09-04T15:38:14Z
aryn-ai,sycamore,aryn-ai/sycamore,https://github.com/aryn-ai/sycamore,üçÅ Sycamore is an LLM-powered search and analytics platform for unstructured data.,Python,562,65,56,False,2023-07-07T17:25:31Z,2025-10-02T21:23:30Z,2025-10-02T22:39:12Z
insitro,redun,insitro/redun,https://github.com/insitro/redun,Yet another redundant workflow engine,Python,559,53,33,False,2021-11-04T00:14:09Z,2025-10-01T00:08:06Z,2025-09-18T13:27:16Z
catalyst-cooperative,pudl,catalyst-cooperative/pudl,https://github.com/catalyst-cooperative/pudl,"The Public Utility Data Liberation Project provides analysis-ready energy system data to climate advocates, researchers, policymakers, and journalists.",Python,556,128,432,False,2017-02-01T17:45:40Z,2025-10-02T22:24:33Z,2025-10-02T22:24:30Z
matsonj,nba-monte-carlo,matsonj/nba-monte-carlo,https://github.com/matsonj/nba-monte-carlo,"Monte Carlo simulation of the NBA season, leveraging dbt, duckdb and evidence.dev",Python,553,75,0,False,2022-09-29T05:42:51Z,2025-09-30T17:32:11Z,2025-09-30T17:32:07Z
gouline,dbt-metabase,gouline/dbt-metabase,https://github.com/gouline/dbt-metabase,dbt + Metabase integration,Python,544,78,1,False,2019-12-12T09:23:22Z,2025-09-30T10:55:45Z,2025-09-29T09:42:15Z
vlm-run,vlmrun-hub,vlm-run/vlmrun-hub,https://github.com/vlm-run/vlmrun-hub,A hub for various industry-specific schemas to be used with VLMs.,Python,535,23,8,False,2024-11-11T20:07:48Z,2025-09-30T18:21:45Z,2025-05-27T15:14:02Z
miurahr,py7zr,miurahr/py7zr,https://github.com/miurahr/py7zr,"7zip in python3 with ZStandard, PPMd, LZMA2, LZMA1, Delta, BCJ, BZip2, and Deflate compressions, and AES encryption.",Python,513,82,39,False,2019-03-17T03:33:35Z,2025-10-02T18:41:16Z,2025-10-02T18:41:12Z
tconbeer,sqlfmt,tconbeer/sqlfmt,https://github.com/tconbeer/sqlfmt,sqlfmt formats your dbt SQL files so you don't have to,Python,486,24,54,False,2021-07-19T16:40:37Z,2025-09-29T16:22:54Z,2025-08-09T16:08:19Z
astronomer,astronomer,astronomer/astronomer,https://github.com/astronomer/astronomer,"Helm Charts for the Astronomer Platform, Apache Airflow as a Service on Kubernetes",Python,483,93,23,False,2018-01-15T21:09:14Z,2025-10-02T13:50:21Z,2025-10-02T13:58:33Z
astronomer,airflow-ai-sdk,astronomer/airflow-ai-sdk,https://github.com/astronomer/airflow-ai-sdk,"An SDK for working with LLMs and AI Agents from Apache Airflow, based on Pydantic AI",Python,478,35,14,False,2025-03-07T02:32:49Z,2025-10-01T17:29:51Z,2025-09-25T19:06:14Z
aws-solutions-library-samples,data-lakes-on-aws,aws-solutions-library-samples/data-lakes-on-aws,https://github.com/aws-solutions-library-samples/data-lakes-on-aws,"Enterprise-grade, production-hardened, serverless data lake on AWS",Python,472,149,19,False,2020-09-08T22:45:31Z,2025-10-02T10:10:03Z,2025-10-01T07:06:23Z
elementary-data,dbt-data-reliability,elementary-data/dbt-data-reliability,https://github.com/elementary-data/dbt-data-reliability,"dbt package that is part of Elementary, the dbt-native data observability solution for data & analytics engineers. Monitor your data pipelines in minutes. Available as self-hosted or cloud service with premium features.",Python,464,113,17,False,2022-01-09T13:15:45Z,2025-10-01T23:14:51Z,2025-10-02T13:48:55Z
Mause,duckdb_engine,Mause/duckdb_engine,https://github.com/Mause/duckdb_engine,SQLAlchemy driver for DuckDB,Python,462,57,76,False,2020-09-28T07:09:14Z,2025-10-02T15:14:42Z,2025-10-02T20:44:14Z
vmware,versatile-data-kit,vmware/versatile-data-kit,https://github.com/vmware/versatile-data-kit,"One framework to develop, deploy and operate data workflows with Python and SQL.",Python,460,60,250,False,2021-07-20T08:28:09Z,2025-09-25T14:02:56Z,2025-09-29T20:44:41Z
1kbgz,tributary,1kbgz/tributary,https://github.com/1kbgz/tributary,Streaming reactive and dataflow graphs in Python,Python,458,37,11,False,2018-09-08T02:58:57Z,2025-09-08T23:25:34Z,2025-09-08T23:25:32Z
xorq-labs,xorq,xorq-labs/xorq,https://github.com/xorq-labs/xorq,multi-engine batch transformation framework,Python,447,19,50,False,2023-09-26T12:51:03Z,2025-10-02T14:04:40Z,2025-10-02T17:30:50Z
dbt-labs,dbt-spark,dbt-labs/dbt-spark,https://github.com/dbt-labs/dbt-spark,This repository has moved into https://github.com/dbt-labs/dbt-adapters,Python,442,241,7,True,2019-03-21T03:26:25Z,2025-09-29T17:41:22Z,2025-07-16T19:47:33Z
blockchain-etl,bitcoin-etl,blockchain-etl/bitcoin-etl,https://github.com/blockchain-etl/bitcoin-etl,"ETL scripts for Bitcoin, Litecoin, Dash, Zcash, Doge, Bitcoin Cash. Available in Google BigQuery https://goo.gl/oY5BCQ",Python,438,133,27,False,2018-09-13T07:13:25Z,2025-09-30T15:05:36Z,2025-05-02T12:54:07Z
databrickslabs,dbldatagen,databrickslabs/dbldatagen,https://github.com/databrickslabs/dbldatagen,"Generate relevant synthetic data quickly for your projects.  The Databricks Labs synthetic data generator (aka `dbldatagen`) may be used to generate large simulated / synthetic data sets for test, POCs, and other uses in Databricks environments including in Delta Live Tables pipelines",Python,430,81,48,False,2019-07-23T11:42:56Z,2025-09-27T09:10:58Z,2025-09-23T14:29:06Z
blockchain-etl,ethereum-etl-airflow,blockchain-etl/ethereum-etl-airflow,https://github.com/blockchain-etl/ethereum-etl-airflow,"Airflow DAGs for exporting, loading, and parsing the Ethereum blockchain data. How to get any Ethereum smart contract into BigQuery https://towardsdatascience.com/how-to-get-any-ethereum-smart-contract-into-bigquery-in-8-mins-bab5db1fdeee",Python,428,200,28,False,2018-08-21T17:01:21Z,2025-09-29T19:55:12Z,2025-07-06T02:34:28Z
apache,airflow-client-python,apache/airflow-client-python,https://github.com/apache/airflow-client-python,Apache Airflow - OpenApi Client for Python,Python,425,63,10,False,2020-06-28T11:20:41Z,2025-10-02T12:15:17Z,2025-06-13T11:54:39Z
DataRecce,recce,DataRecce/recce,https://github.com/DataRecce/recce,The data-validation toolkit for enhanced dbt (data build tool) PR review,Python,423,21,18,False,2023-10-06T08:14:25Z,2025-10-01T09:51:48Z,2025-10-02T16:58:49Z
ethyca,fides,ethyca/fides,https://github.com/ethyca/fides,The Privacy Engineering & Compliance Framework,Python,422,85,271,False,2021-02-04T22:42:33Z,2025-10-02T20:32:23Z,2025-10-02T23:16:33Z
neuml,paperetl,neuml/paperetl,https://github.com/neuml/paperetl,üìÑ ‚öôÔ∏è ETL processes for medical and scientific papers,Python,398,30,2,False,2020-07-10T17:44:24Z,2025-09-15T14:08:48Z,2025-08-02T12:22:53Z
databricks,delta-live-tables-notebooks,databricks/delta-live-tables-notebooks,https://github.com/databricks/delta-live-tables-notebooks,,Python,396,276,0,False,2021-05-05T16:15:27Z,2025-09-27T03:49:51Z,2025-09-15T18:51:01Z
meta-pytorch,torchx,meta-pytorch/torchx,https://github.com/meta-pytorch/torchx,TorchX is a universal job launcher for PyTorch applications. TorchX is designed to have fast iteration time for training/research and support for E2E production ML pipelines when you're ready.,Python,392,146,129,False,2021-05-04T18:06:53Z,2025-10-02T19:50:18Z,2025-10-02T21:00:59Z
dbt-labs,dbt-mcp,dbt-labs/dbt-mcp,https://github.com/dbt-labs/dbt-mcp,A MCP (Model Context Protocol) server for interacting with dbt.,Python,388,65,23,False,2025-03-12T20:13:12Z,2025-10-02T21:52:06Z,2025-10-02T21:52:03Z
astronomer,astro-sdk,astronomer/astro-sdk,https://github.com/astronomer/astro-sdk,"Astro SDK allows rapid and clean development of {Extract, Load, Transform} workflows using Python and SQL, powered by Apache Airflow.",Python,375,50,193,True,2021-12-06T16:43:50Z,2025-08-24T12:13:51Z,2025-05-19T18:22:36Z
long2ice,meilisync,long2ice/meilisync,https://github.com/long2ice/meilisync,Realtime sync data from MySQL/PostgreSQL/MongoDB to Meilisearch,Python,366,53,56,False,2023-02-26T14:46:11Z,2025-09-28T13:15:27Z,2025-04-14T15:59:57Z
fedspendingtransparency,usaspending-api,fedspendingtransparency/usaspending-api,https://github.com/fedspendingtransparency/usaspending-api,Server application to serve U.S. federal spending data via a RESTful API,Python,364,139,73,False,2016-08-10T15:39:45Z,2025-10-02T17:08:33Z,2025-10-02T20:19:01Z
confluentinc,confluent-kafka-python,confluentinc/confluent-kafka-python,https://github.com/confluentinc/confluent-kafka-python,Confluent's Kafka Python Client,Python,355,932,225,False,2016-04-14T07:40:41Z,2025-10-02T17:39:56Z,2025-10-02T08:47:25Z
feluelle,airflow-diagrams,feluelle/airflow-diagrams,https://github.com/feluelle/airflow-diagrams,Auto-generated Diagrams from Airflow DAGs. üîÆ ü™Ñ,Python,349,30,8,False,2020-06-29T11:13:10Z,2025-09-21T06:30:59Z,2025-09-29T17:49:23Z
gabledata,recap,gabledata/recap,https://github.com/gabledata/recap,"Work with your web service, database, and streaming schemas in a single format.",Python,343,26,20,False,2022-12-07T17:50:44Z,2025-09-08T23:23:41Z,2025-09-06T20:53:37Z
motherduckdb,mcp-server-motherduck,motherduckdb/mcp-server-motherduck,https://github.com/motherduckdb/mcp-server-motherduck,MCP server for DuckDB and MotherDuck,Python,337,44,10,False,2024-12-12T23:37:11Z,2025-09-30T20:40:53Z,2025-09-30T20:40:50Z
mozilla,bigquery-etl,mozilla/bigquery-etl,https://github.com/mozilla/bigquery-etl,Bigquery ETL,Python,325,117,227,False,2019-02-05T20:01:09Z,2025-10-02T21:53:07Z,2025-10-02T22:37:59Z
Bl3f,yato,Bl3f/yato,https://github.com/Bl3f/yato,The smallest DuckDB SQL orchestrator on Earth.,Python,324,7,2,False,2024-02-28T12:04:46Z,2025-09-30T09:33:41Z,2025-05-05T06:19:33Z
dcaribou,transfermarkt-datasets,dcaribou/transfermarkt-datasets,https://github.com/dcaribou/transfermarkt-datasets,"‚öΩÔ∏è Extract, prepare and publish Transfermarkt datasets.",Python,318,76,31,False,2020-12-26T17:33:52Z,2025-09-29T20:28:49Z,2025-06-14T16:16:33Z
typedef-ai,fenic,typedef-ai/fenic,https://github.com/typedef-ai/fenic,Build reliable AI and agentic applications with DataFrames,Python,317,19,27,False,2025-06-16T20:16:50Z,2025-10-02T21:16:59Z,2025-10-02T03:50:06Z
databrickslabs,dqx,databrickslabs/dqx,https://github.com/databrickslabs/dqx,Databricks framework to validate Data Quality of pySpark DataFrames,Python,316,63,66,False,2024-04-23T18:28:43Z,2025-10-02T21:59:14Z,2025-10-02T23:11:09Z
quintoandar,butterfree,quintoandar/butterfree,https://github.com/quintoandar/butterfree,A tool for building feature stores.,Python,312,37,4,False,2020-01-03T13:12:04Z,2025-09-25T23:45:48Z,2025-06-30T17:14:15Z
ClickHouse,dbt-clickhouse,ClickHouse/dbt-clickhouse,https://github.com/ClickHouse/dbt-clickhouse,The Clickhouse plugin for dbt (data build tool),Python,311,143,99,False,2021-01-29T14:10:43Z,2025-10-02T10:49:23Z,2025-10-02T17:08:17Z
kraina-ai,quackosm,kraina-ai/quackosm,https://github.com/kraina-ai/quackosm,QuackOSM: an open-source Python and CLI tool for reading OpenStreetMap PBF files using DuckDB,Python,311,16,24,False,2023-12-28T11:26:41Z,2025-09-15T22:09:06Z,2025-09-01T21:01:50Z
NVlabs,GatedDeltaNet,NVlabs/GatedDeltaNet,https://github.com/NVlabs/GatedDeltaNet,[ICLR 2025] Official PyTorch Implementation of Gated Delta Networks: Improving Mamba2 with Delta Rule,Python,310,13,4,False,2024-12-05T02:14:18Z,2025-10-02T12:58:51Z,2025-09-15T05:31:12Z
grai-io,grai-core,grai-io/grai-core,https://github.com/grai-io/grai-core,,Python,308,21,30,False,2022-06-09T16:16:22Z,2025-09-05T02:09:38Z,2025-10-01T22:42:58Z
airbytehq,PyAirbyte,airbytehq/PyAirbyte,https://github.com/airbytehq/PyAirbyte,PyAirbyte brings the power of Airbyte to every Python developer.,Python,300,65,164,False,2024-02-04T05:10:15Z,2025-10-02T22:52:18Z,2025-10-02T23:19:26Z
databricks,dbt-databricks,databricks/dbt-databricks,https://github.com/databricks/dbt-databricks,A dbt adapter for Databricks.,Python,298,161,123,False,2021-10-19T16:26:44Z,2025-10-01T22:09:27Z,2025-10-02T22:22:55Z
pathwaycom,pathway-benchmarks,pathwaycom/pathway-benchmarks,https://github.com/pathwaycom/pathway-benchmarks,"Benchmarks for data processing systems: Pathway, Spark, Flink, Kafka Streams",Python,298,8,0,False,2023-04-17T09:42:18Z,2025-10-02T14:15:28Z,2025-07-03T13:34:39Z
chrthomsen,pygrametl,chrthomsen/pygrametl,https://github.com/chrthomsen/pygrametl,Official repository for pygrametl - ETL programming in Python,Python,297,43,7,False,2015-08-20T12:38:28Z,2025-09-26T17:49:47Z,2025-09-26T17:49:42Z
l-mds,local-data-stack,l-mds/local-data-stack,https://github.com/l-mds/local-data-stack,Slow & local data allows you to move fast and deliver business value for the 99.9% of the data challenges. ,Python,297,18,1,False,2024-10-26T15:35:24Z,2025-10-02T02:04:10Z,2025-09-30T16:32:34Z
Delta-F,DeltaTrader,Delta-F/DeltaTrader,https://github.com/Delta-F/DeltaTrader,Python Toolkit For Quantitative Trading,Python,294,106,1,False,2021-03-09T06:06:56Z,2025-09-22T07:13:23Z,2025-04-10T06:09:05Z
astronomer,airflow-chart,astronomer/airflow-chart,https://github.com/astronomer/airflow-chart,A Helm chart to install Apache Airflow on Kubernetes,Python,289,94,4,False,2020-01-22T21:12:21Z,2025-10-02T19:27:33Z,2025-10-02T19:34:54Z
Altinity,clickhouse-sink-connector,Altinity/clickhouse-sink-connector,https://github.com/Altinity/clickhouse-sink-connector,"Replicate data from MySQL, Postgres and MongoDB to ClickHouse¬Æ",Python,285,75,212,False,2022-03-21T08:32:44Z,2025-10-02T17:11:41Z,2025-10-02T22:55:07Z
ebonnal,streamable,ebonnal/streamable,https://github.com/ebonnal/streamable,concurrent & fluent interface for (async) iterables,Python,281,4,10,False,2023-07-23T13:21:55Z,2025-09-30T17:41:48Z,2025-09-29T20:40:46Z
fzliu,radient,fzliu/radient,https://github.com/fzliu/radient,"Radient turns many data types (not just text) into vectors for similarity search, RAG, regression analysis, and more.",Python,280,11,1,False,2024-02-16T23:18:02Z,2025-09-13T19:18:20Z,2025-09-01T22:43:55Z
GoogleCloudPlatform,cloud-data-quality,GoogleCloudPlatform/cloud-data-quality,https://github.com/GoogleCloudPlatform/cloud-data-quality,Data Quality Engine for BigQuery,Python,279,57,36,False,2021-03-19T17:32:50Z,2025-09-21T23:33:25Z,2025-05-19T19:29:11Z
attack68,rateslib,attack68/rateslib,https://github.com/attack68/rateslib,"A fixed income library for pricing bonds and bond futures, and derivatives such as interest rate swaps (IRS), cross-currency swaps (XCS) and FX swaps. Contains tools for full curveset construction with market standard optimisers and automatic differentiation (AD) and risk sensitivity calculations including delta and cross-gamma.",Python,277,52,36,False,2023-03-31T12:47:27Z,2025-09-30T09:19:30Z,2025-09-29T10:20:59Z
datnguye,dbterd,datnguye/dbterd,https://github.com/datnguye/dbterd,Generate the ERD as a code from dbt artifacts,Python,276,37,1,False,2022-06-24T07:35:31Z,2025-09-25T09:02:25Z,2025-09-15T03:18:17Z
pipeline-tools,gusty,pipeline-tools/gusty,https://github.com/pipeline-tools/gusty,Making DAG construction easier,Python,272,13,0,False,2020-02-11T22:22:47Z,2025-09-30T01:13:08Z,2025-09-30T01:13:04Z
datacoves,dbt-coves,datacoves/dbt-coves,https://github.com/datacoves/dbt-coves,CLI tool for dbt users to simplify creation of staging models (yml and sql) files,Python,267,20,36,False,2021-06-28T01:33:15Z,2025-10-01T13:51:51Z,2025-09-29T04:25:51Z
GAIR-NLP,ProX,GAIR-NLP/ProX,https://github.com/GAIR-NLP/ProX,[ICML 2025] Programming Every Example: Lifting Pre-training Data Quality Like Experts at Scale,Python,263,18,2,False,2024-09-09T12:33:23Z,2025-09-15T08:10:09Z,2025-07-08T05:24:48Z
astronomer,ask-astro,astronomer/ask-astro,https://github.com/astronomer/ask-astro,An end-to-end LLM reference implementation providing a Q&A interface for Airflow and Astronomer,Python,262,58,23,False,2023-09-07T18:18:37Z,2025-10-02T07:10:10Z,2025-07-15T12:22:58Z
epoch8,airflow-exporter,epoch8/airflow-exporter,https://github.com/epoch8/airflow-exporter,Airflow plugin to export dag and task based metrics to Prometheus.,Python,260,78,18,False,2018-08-02T13:15:54Z,2025-09-12T11:27:27Z,2025-06-01T15:48:27Z
xuwei95,ezdata,xuwei95/ezdata,https://github.com/xuwei95/ezdata,Âü∫‰∫épythonÂíållmÂ§ßÊ®°ÂûãÂºÄÂèëÁöÑÊï∞ÊçÆÂ§ÑÁêÜÂíå‰ªªÂä°Ë∞ÉÂ∫¶Á≥ªÁªü„ÄÇ ÊîØÊåÅÊï∞ÊçÆÊ∫êÁÆ°ÁêÜÔºåÊï∞ÊçÆÊ®°ÂûãÁÆ°ÁêÜÔºåÊï∞ÊçÆÈõÜÊàêÔºåÊï∞ÊçÆÊü•ËØ¢APIÊé•Âè£Ôºå‰Ωé‰ª£Á†ÅËá™ÂÆö‰πâÊï∞ÊçÆÂ§ÑÁêÜ‰ªªÂä°Ê®°ÁâàÔºåÂçï‰ªªÂä°Âèädag‰ªªÂä°Â∑•‰ΩúÊµÅË∞ÉÂ∫¶Á≠âÂäüËÉΩ„ÄÇÈõÜÊàê‰∫ÜllmÊ®°ÂùóÂÆûÁé∞ragÁü•ËØÜÂ∫ìÈóÆÁ≠îÔºåÈìæÊé•ÂêÑÊï∞ÊçÆÊ∫êÊï∞ÊçÆËøõË°åÊï∞ÊçÆÂØπËØùÈóÆÁ≠îÔºå‰∫§‰∫íÂºèÊï∞ÊçÆÂàÜÊûêÂäüËÉΩ„ÄÇ,Python,249,53,4,False,2023-08-15T03:22:59Z,2025-09-29T06:38:46Z,2025-08-25T10:06:16Z
starburstdata,dbt-trino,starburstdata/dbt-trino,https://github.com/starburstdata/dbt-trino,The Trino (https://trino.io/) adapter plugin for dbt (https://getdbt.com),Python,248,67,42,False,2021-07-14T19:26:53Z,2025-09-28T04:39:39Z,2025-09-08T04:12:16Z
ray-project,deltacat,ray-project/deltacat,https://github.com/ray-project/deltacat,"A portable Pythonic Data Lakehouse powered by Ray that brings exabyte-level scalability and fast, ACID-compliant, change-data-capture to your ML and analytics workloads.",Python,243,39,23,False,2021-08-11T23:42:44Z,2025-10-01T22:36:05Z,2025-09-29T20:05:48Z
dbt-msft,dbt-sqlserver,dbt-msft/dbt-sqlserver,https://github.com/dbt-msft/dbt-sqlserver,dbt adapter for SQL Server and Azure SQL,Python,242,103,88,False,2019-06-25T20:14:56Z,2025-09-25T23:27:49Z,2025-09-22T20:12:16Z
morph-kgc,morph-kgc,morph-kgc/morph-kgc,https://github.com/morph-kgc/morph-kgc,Powerful RDF Knowledge Graph Generation with RML Mappings,Python,233,41,29,False,2020-11-11T11:54:10Z,2025-09-30T14:32:25Z,2025-08-26T09:46:13Z
mehd-io,pypi-duck-flow,mehd-io/pypi-duck-flow,https://github.com/mehd-io/pypi-duck-flow,"end-to-end data engineering project to get insights from PyPi using python, duckdb, MotherDuck & Evidence",Python,224,32,1,False,2024-01-29T13:18:52Z,2025-09-23T12:26:02Z,2025-06-30T16:16:45Z
duckdb,extension-template,duckdb/extension-template,https://github.com/duckdb/extension-template,"Template for DuckDB extensions to help you develop, test and deploy a custom extension",Python,223,87,21,False,2023-02-02T11:52:03Z,2025-09-28T21:22:33Z,2025-09-26T07:47:31Z
slidoapp,dbt-coverage,slidoapp/dbt-coverage,https://github.com/slidoapp/dbt-coverage,One-stop-shop for docs and test coverage of dbt projects.,Python,222,26,19,False,2021-10-25T12:51:58Z,2025-09-25T11:15:45Z,2025-09-25T11:15:42Z
kaxil,airflowctl,kaxil/airflowctl,https://github.com/kaxil/airflowctl,A CLI tool to streamline getting started with Apache Airflow‚Ñ¢ and managing multiple Airflow projects,Python,220,17,6,True,2023-08-13T05:11:02Z,2025-09-03T13:46:02Z,2025-04-30T11:07:37Z
davidzajac1,zillacode,davidzajac1/zillacode,https://github.com/davidzajac1/zillacode,"Open Source LeetCode for PySpark, Spark, Pandas and DBT/Snowflake",Python,212,46,6,False,2024-08-15T02:15:48Z,2025-09-25T04:58:12Z,2025-06-27T18:52:52Z
tomasfarias,airflow-dbt-python,tomasfarias/airflow-dbt-python,https://github.com/tomasfarias/airflow-dbt-python,"A collection of Airflow operators, hooks, and utilities to elevate dbt to a first-class citizen of Airflow.",Python,208,39,13,False,2021-05-19T23:05:02Z,2025-09-22T18:51:50Z,2025-08-26T16:13:21Z
Yueming6568,DeltaEdit,Yueming6568/DeltaEdit,https://github.com/Yueming6568/DeltaEdit,,Python,208,21,3,False,2023-03-09T15:22:47Z,2025-09-18T18:23:06Z,2025-06-23T03:13:50Z
envy-ai,ComfyUI-ConDelta,envy-ai/ComfyUI-ConDelta,https://github.com/envy-ai/ComfyUI-ConDelta,Custom Conditioning Delta (ConDelta) nodes for ComfyUI,Python,207,12,7,False,2024-12-06T21:47:31Z,2025-09-14T16:23:42Z,2025-09-03T00:40:23Z
GoogleCloudPlatform,cortex-data-foundation,GoogleCloudPlatform/cortex-data-foundation,https://github.com/GoogleCloudPlatform/cortex-data-foundation,Data Foundation - Google Cloud Cortex Framework,Python,201,112,3,False,2022-03-04T21:43:55Z,2025-09-19T18:49:22Z,2025-09-19T18:50:31Z
ertis-research,kafka-ml,ertis-research/kafka-ml,https://github.com/ertis-research/kafka-ml,Kafka-ML: connecting the data stream with ML/AI frameworks (now TensorFlow and PyTorch!),Python,196,29,28,False,2020-04-20T10:36:57Z,2025-09-22T03:43:34Z,2025-06-18T11:53:35Z
mozilla,telemetry-airflow,mozilla/telemetry-airflow,https://github.com/mozilla/telemetry-airflow,Airflow configuration for Telemetry,Python,195,96,2,False,2016-05-10T16:23:34Z,2025-10-02T17:18:47Z,2025-10-02T17:18:52Z
Nike-Inc,spark-expectations,Nike-Inc/spark-expectations,https://github.com/Nike-Inc/spark-expectations,A Python Library to support running data quality rules while the spark job is running‚ö°,Python,188,58,16,False,2023-07-02T06:40:08Z,2025-10-02T21:17:01Z,2025-10-02T21:28:17Z
unytics,airbyte_serverless,unytics/airbyte_serverless,https://github.com/unytics/airbyte_serverless,"Airbyte made simple (no UI, no database, no cluster)",Python,183,16,0,False,2023-08-31T14:54:11Z,2025-09-01T16:12:51Z,2025-06-05T14:37:48Z
PicnicSupermarket,dbt-score,PicnicSupermarket/dbt-score,https://github.com/PicnicSupermarket/dbt-score,Linter for dbt metadata,Python,177,15,8,False,2024-02-13T13:42:50Z,2025-10-02T17:55:44Z,2025-09-23T15:38:57Z
dsaidgovsg,airflow-pipeline,dsaidgovsg/airflow-pipeline,https://github.com/dsaidgovsg/airflow-pipeline,An Airflow docker image preconfigured to work well with Spark and Hadoop/EMR,Python,175,59,4,False,2016-10-04T08:22:54Z,2025-08-07T12:21:33Z,2025-05-28T06:47:25Z
networktocode,diffsync,networktocode/diffsync,https://github.com/networktocode/diffsync,A utility library for comparing and synchronizing different datasets.,Python,173,32,50,False,2020-09-02T13:52:51Z,2025-09-26T18:28:33Z,2025-09-28T18:12:00Z
datafruit-dev,datafruit,datafruit-dev/datafruit,https://github.com/datafruit-dev/datafruit,declarative data engineering,Python,169,2,1,False,2025-04-12T16:57:25Z,2025-09-19T20:19:14Z,2025-08-25T23:12:00Z
nicholasyager,dbt-loom,nicholasyager/dbt-loom,https://github.com/nicholasyager/dbt-loom,A dbt-core plugin to weave together multi-project dbt-core deployments,Python,169,27,14,False,2023-07-14T20:39:14Z,2025-10-01T06:27:28Z,2025-08-23T02:56:55Z
dagster-io,mdsfest-opensource-mds,dagster-io/mdsfest-opensource-mds,https://github.com/dagster-io/mdsfest-opensource-mds,Demo Project for Open Source MDS,Python,168,23,2,False,2023-08-23T00:12:30Z,2025-08-27T04:08:41Z,2025-08-27T04:08:37Z
astronomer,airflow-provider-great-expectations,astronomer/airflow-provider-great-expectations,https://github.com/astronomer/airflow-provider-great-expectations,Great Expectations Airflow operator,Python,167,58,25,False,2020-11-05T20:13:51Z,2025-09-23T14:57:02Z,2025-09-29T18:37:50Z
Toloka,dbt-af,Toloka/dbt-af,https://github.com/Toloka/dbt-af,Distributed run of dbt models using Airflow,Python,165,13,3,False,2024-02-12T11:12:57Z,2025-09-30T20:15:50Z,2025-09-30T20:15:47Z
GoogleCloudPlatform,public-datasets-pipelines,GoogleCloudPlatform/public-datasets-pipelines,https://github.com/GoogleCloudPlatform/public-datasets-pipelines,"Cloud-native, data onboarding architecture for Google Cloud Datasets",Python,165,70,141,False,2021-04-09T19:17:21Z,2025-08-13T22:41:18Z,2025-07-28T07:38:27Z
ktanaka101,mcp-server-duckdb,ktanaka101/mcp-server-duckdb,https://github.com/ktanaka101/mcp-server-duckdb,"A Model Context Protocol (MCP) server implementation for DuckDB, providing database interaction capabilities",Python,165,18,3,False,2024-11-30T14:25:37Z,2025-09-25T02:51:57Z,2025-05-05T11:02:57Z
bryzgaloff,airflow-clickhouse-plugin,bryzgaloff/airflow-clickhouse-plugin,https://github.com/bryzgaloff/airflow-clickhouse-plugin,The most popular ClickHouse plugin for Airflow. üîù Top-1% downloads on PyPI: https://pypi.org/project/airflow-clickhouse-plugin! Based on mymarilyn/clickhouse-driver.,Python,163,42,9,False,2019-11-11T23:08:23Z,2025-09-30T21:28:42Z,2025-09-08T12:04:19Z
XiaoGu-G2020,DeltaForceMarketBot,XiaoGu-G2020/DeltaForceMarketBot,https://github.com/XiaoGu-G2020/DeltaForceMarketBot,‰∏âËßíÊ¥≤Ë°åÂä®‰∫§ÊòìË°åÊä¢Â≠êÂºπÂ∑•ÂÖ∑,Python,163,24,21,False,2025-04-20T05:58:00Z,2025-10-01T22:43:42Z,2025-08-14T06:54:46Z
datachecks,dcs-core,datachecks/dcs-core,https://github.com/datachecks/dcs-core,Open Source Data Quality Monitoring.,Python,162,22,19,False,2023-07-15T17:29:44Z,2025-10-02T10:37:24Z,2025-09-26T15:16:17Z
gestaogovbr,Ro-dou,gestaogovbr/Ro-dou,https://github.com/gestaogovbr/Ro-dou,Gerador de DAGs no Apache Airflow para fazer clipping do Di√°rio Oficial da Uni√£o.,Python,160,54,29,False,2021-08-20T21:55:16Z,2025-10-02T14:09:12Z,2025-10-02T14:09:30Z
flexanalytics,dbt-business-intelligence,flexanalytics/dbt-business-intelligence,https://github.com/flexanalytics/dbt-business-intelligence,,Python,155,28,5,False,2022-04-09T00:17:56Z,2025-09-29T18:06:53Z,2025-07-16T22:11:24Z
StephenSorriaux,ansible-kafka-admin,StephenSorriaux/ansible-kafka-admin,https://github.com/StephenSorriaux/ansible-kafka-admin,"Manage your topic's configuration (partitions, replication factor, parameters), ACLs, quotas, users and get stats, without any effort with this library. It does not use the Kafka scripts and does not require ssh connection to the remote broker.",Python,154,50,11,False,2018-04-02T19:30:15Z,2025-09-30T09:36:30Z,2025-09-26T17:42:27Z
bitpicky,dbt-sugar,bitpicky/dbt-sugar,https://github.com/bitpicky/dbt-sugar,dbt-sugar is a CLI tool that allows users of dbt to have fun and ease performing actions around dbt models ,Python,153,20,46,False,2020-12-18T20:47:23Z,2025-08-27T12:25:41Z,2025-09-22T20:30:29Z
duckdb-in-action,examples,duckdb-in-action/examples,https://github.com/duckdb-in-action/examples,,Python,151,35,4,False,2023-09-05T16:54:35Z,2025-09-25T04:32:32Z,2025-07-25T08:40:15Z
astronomer,astronomer-providers,astronomer/astronomer-providers,https://github.com/astronomer/astronomer-providers,Airflow Providers containing Deferrable Operators & Sensors from Astronomer,Python,149,27,31,False,2021-07-23T20:02:30Z,2025-07-29T05:17:30Z,2025-09-29T18:37:47Z
slidoapp,dbt-superset-lineage,slidoapp/dbt-superset-lineage,https://github.com/slidoapp/dbt-superset-lineage,Make dbt docs and Apache Superset talk to one another,Python,149,21,3,False,2021-12-03T08:55:32Z,2025-09-25T10:49:30Z,2025-09-25T10:49:27Z
danthegoodman1,icedb,danthegoodman1/icedb,https://github.com/danthegoodman1/icedb,An in-process Parquet merge engine for better data warehousing in S3 with MVCC,Python,148,6,31,False,2022-11-04T22:57:10Z,2025-08-16T23:08:38Z,2025-05-27T21:57:58Z
zju3dv,deltar,zju3dv/deltar,https://github.com/zju3dv/deltar,"Code for ""DELTAR: Depth Estimation from a Light-weight ToF Sensor And RGB Image"", ECCV 2022",Python,148,7,3,False,2022-07-31T15:26:18Z,2025-09-28T19:48:58Z,2025-07-02T12:34:24Z
dbt-labs,dbt-jsonschema,dbt-labs/dbt-jsonschema,https://github.com/dbt-labs/dbt-jsonschema,,Python,147,51,38,False,2022-03-01T20:21:08Z,2025-09-26T09:56:07Z,2025-09-22T11:54:23Z
napalm-automation,napalm-logs,napalm-automation/napalm-logs,https://github.com/napalm-automation/napalm-logs,"Cross-vendor normalisation for network syslog messages, following the OpenConfig and IETF YANG models",Python,144,44,37,False,2017-03-14T14:30:19Z,2025-08-07T03:04:30Z,2025-07-02T15:28:13Z
50shadesofgwei,funding-rate-arbitrage,50shadesofgwei/funding-rate-arbitrage,https://github.com/50shadesofgwei/funding-rate-arbitrage,Delta-neutral funding rate arbitrage searcher,Python,144,37,4,False,2024-02-27T14:17:50Z,2025-09-30T12:09:41Z,2025-07-29T11:42:21Z
HemeraProtocol,hemera-indexer,HemeraProtocol/hemera-indexer,https://github.com/HemeraProtocol/hemera-indexer,"Decentralized, account-centric programmable indexing network for web3. Supports blockchain explorers, on-chain portfolios, social graphs, and ZK coprocessors. Open-source EVM-compatible indexer available.",Python,142,41,28,False,2024-05-07T11:14:38Z,2025-09-02T09:35:32Z,2025-09-26T10:31:55Z
pragunbhutani,dbt-llm-agent,pragunbhutani/dbt-llm-agent,https://github.com/pragunbhutani/dbt-llm-agent,LLM based AI Agent to automate Data Analysis for dbt projects with remote MCP server,Python,142,28,4,False,2024-02-11T09:55:38Z,2025-09-25T17:37:56Z,2025-07-31T09:39:35Z
hitachienergy,epiphany,hitachienergy/epiphany,https://github.com/hitachienergy/epiphany,Cloud and on-premises automation for Kubernetes centered industrial grade solutions.,Python,142,106,0,True,2019-01-08T14:38:51Z,2025-08-21T06:30:45Z,2025-05-12T08:31:35Z
kokes,od,kokes/od,https://github.com/kokes/od,ƒåesk√° otev≈ôen√° data,Python,136,15,154,False,2018-08-19T10:07:15Z,2025-09-12T22:43:54Z,2025-08-30T17:23:52Z
easysql,easy_sql,easysql/easy_sql,https://github.com/easysql/easy_sql,A library developed to ease the data ETL development process.,Python,134,28,7,False,2022-04-22T14:09:07Z,2025-02-10T03:42:58Z,2025-09-22T20:25:23Z
aws-samples,dbt-glue,aws-samples/dbt-glue,https://github.com/aws-samples/dbt-glue,This repository contains the dbt-glue adapter,Python,134,83,62,False,2021-12-06T18:34:33Z,2025-10-01T01:03:39Z,2025-10-01T01:03:34Z
pangeo-forge,pangeo-forge-recipes,pangeo-forge/pangeo-forge-recipes,https://github.com/pangeo-forge/pangeo-forge-recipes,Python library for building Pangeo Forge recipes.,Python,133,54,157,False,2020-07-21T16:13:48Z,2025-08-04T19:01:45Z,2025-09-05T13:05:01Z
chunkhound,chunkhound,chunkhound/chunkhound,https://github.com/chunkhound/chunkhound,Deep Research for Code & Files,Python,129,12,19,False,2025-06-04T07:41:58Z,2025-10-02T15:10:23Z,2025-10-02T16:00:37Z
DataKitchen,data-observability-installer,DataKitchen/data-observability-installer,https://github.com/DataKitchen/data-observability-installer,"Installer for DataKitchen's Open Source Data Observability Products. Data breaks. Servers break. Your toolchain breaks. Ensure your team is the first to know and the first to solve with visibility across and down your data estate. Save time with simple, fast data quality test generation and execution. Trust your data, tools, and systems end to end.",Python,127,12,6,False,2024-04-18T22:21:12Z,2025-10-02T15:45:40Z,2025-10-02T15:46:25Z
snap-research,DELTA_densetrack3d,snap-research/DELTA_densetrack3d,https://github.com/snap-research/DELTA_densetrack3d,DELTA: Dense Efficient Long-range 3D Tracking for Any video (ICLR 2025),Python,126,2,10,False,2025-01-22T20:04:17Z,2025-09-29T21:24:11Z,2025-04-06T23:20:15Z
dbt-labs,dbt-adapters,dbt-labs/dbt-adapters,https://github.com/dbt-labs/dbt-adapters,,Python,124,161,585,False,2023-08-05T19:35:00Z,2025-10-02T21:32:40Z,2025-10-02T23:19:33Z
173TECH,sayn,173TECH/sayn,https://github.com/173TECH/sayn,Data processing and modelling framework for automating tasks (incl. Python & SQL transformations).,Python,120,15,12,False,2020-04-22T12:07:08Z,2025-09-16T14:50:19Z,2025-09-16T15:09:06Z
owid,etl,owid/etl,https://github.com/owid/etl,A compute graph for loading and transforming OWID's data,Python,116,24,49,False,2021-09-17T12:41:57Z,2025-10-02T20:14:08Z,2025-10-02T20:15:33Z
aws-samples,amazon-mwaa-examples,aws-samples/amazon-mwaa-examples,https://github.com/aws-samples/amazon-mwaa-examples,"Amazon Managed Workflows for Apache Airflow (MWAA) Examples repository contains example DAGs, requirements.txt, plugins, and CloudFormation templates focused on Amazon MWAA.",Python,115,68,14,False,2021-03-01T22:29:28Z,2025-09-24T16:28:06Z,2025-07-09T15:29:20Z
capitalone,locopy,capitalone/locopy,https://github.com/capitalone/locopy,locopy: Loading/Unloading to Redshift and Snowflake using Python.,Python,113,50,8,False,2018-07-24T04:36:55Z,2025-09-06T19:51:10Z,2025-08-03T16:00:14Z
surfalytics,data-projects,surfalytics/data-projects,https://github.com/surfalytics/data-projects,Surfalytics projces on Data Engineering and Analytics,Python,112,39,0,False,2023-11-05T00:07:09Z,2025-09-10T03:48:41Z,2025-08-29T02:05:05Z
microsoft,dbt-fabric,microsoft/dbt-fabric,https://github.com/microsoft/dbt-fabric,,Python,111,38,31,False,2023-02-23T06:06:51Z,2025-09-25T23:27:53Z,2025-09-29T18:42:38Z
stac-utils,stac-geoparquet,stac-utils/stac-geoparquet,https://github.com/stac-utils/stac-geoparquet,"Convert STAC items between JSON, GeoParquet, pgstac, and Delta Lake.",Python,111,14,20,False,2022-06-01T20:42:02Z,2025-09-25T09:29:37Z,2025-09-30T14:42:27Z
PRQL,dbt-prql,PRQL/dbt-prql,https://github.com/PRQL/dbt-prql,dbt-prql allows writing PRQL in dbt models,Python,107,6,3,False,2022-05-29T19:24:30Z,2025-09-22T22:15:52Z,2025-09-29T17:02:25Z
feluelle,airflint,feluelle/airflint,https://github.com/feluelle/airflint,Enforce Best Practices for all your Airflow DAGs. ‚≠ê,Python,104,2,4,False,2022-04-04T13:33:06Z,2025-07-17T03:50:49Z,2025-09-29T17:49:16Z
martandsingh,ApacheSpark,martandsingh/ApacheSpark,https://github.com/martandsingh/ApacheSpark,This repository will help you to learn about databricks concept with the help of examples. It will include all the important topics which we need in our real life experience as a data engineer. We will be using pyspark & sparksql for the development. At the end of the course we also cover few case studies.,Python,103,67,0,False,2022-05-10T02:31:23Z,2025-09-26T18:48:44Z,2025-09-26T07:06:18Z
sheldon1998,DeltaForceKeyBot,sheldon1998/DeltaForceKeyBot,https://github.com/sheldon1998/DeltaForceKeyBot,‰∏âËßíÊ¥≤Ë°åÂä®ÊãçÂçñË°åËá™Âä®ÊåÇÂç°Â∑•ÂÖ∑,Python,103,15,0,False,2025-03-18T09:53:52Z,2025-09-25T12:44:57Z,2025-06-05T03:41:22Z
mehd-io,duckdb-extension-radar,mehd-io/duckdb-extension-radar,https://github.com/mehd-io/duckdb-extension-radar,This repo contains information about DuckDB extensions found on GitHub. Refreshed daily,Python,102,7,3,False,2023-02-24T12:54:44Z,2025-10-02T00:10:03Z,2025-10-02T00:10:00Z
